# Autodesk's published sample projects, one row per release and model (#421, RE-140).
# Fetched from Autodesk's own download host for a measurement run by
# tools/fetch-autodesk-samples.sh and never stored or committed. They are on the host the
# family corpus comes from, which phi-ag/rvt lists under CC BY-NC-SA 3.0; the projects' own
# terms were not checked, which is why they are only fetched for a run. Hashes and sizes
# measured 2026-10-01.
# year	file	url	sha256	bytes
# The MEP sample projects, rme_basic and rme_advanced, 2024 to 2027 (B68): ducts of every
# shape, fittings, connectors and systems the reference models lack. Measured 2026-10-04.
2024	rmebasicsampleproject.rvt	https://revit.downloads.autodesk.com/download/2024RVT_RTM/Docs/InProd/rmebasicsampleproject.rvt	d09d415f0fcaf3edcbffded953ccf2370ebf53278ec9a8ac9a2f8f4c6c12e955	32444416
